{
    "keep": {
        "days": true,
        "amount": 14
    },
    "auditLog": "log\\.6c1a1f7b9023a40cab0375214d702bb453b1bc33-audit.json",
    "files": [
        {
            "date": 1654441192263,
            "name": "log\\2022-06-05-smart-push.log",
            "hash": "7d39a14366c5881044ae064b8dd46b47"
        },
        {
            "date": 1654441253066,
            "name": "log\\2022-06-06-smart-push.log",
            "hash": "12cfe92b7ec56a53670ae0ae02a7b1a0"
        },
        {
            "date": 1655006937247,
            "name": "log\\2022-06-12-smart-push.log",
            "hash": "1f5177b7faa5e4c385c78483f8386ac8"
        },
        {
            "date": 1655049318131,
            "name": "log\\2022-06-13-smart-push.log",
            "hash": "07ed57792fbaf42aedbf0c24f1c3af8b"
        },
        {
            "date": 1655565338077,
            "name": "log\\2022-06-19-smart-push.log",
            "hash": "47212b75d936714a260fc7400b64ba05"
        }
    ],
    "hashType": "md5"
}